{"address":"0x6d61393E6401F79d01E0575a16825162D5d833a8","jsonInterface":[{"constant":false,"inputs":[{"name":"_newMessage","type":"string"}],"name":"setMessage","outputs":[],"payable":false,"stateMutability":"nonpayable","type":"function","signature":"0x368b8772"},{"constant":true,"inputs":[],"name":"getMessage","outputs":[{"name":"","type":"string"}],"payable":false,"stateMutability":"view","type":"function","signature":"0xce6d41de"},{"constant":true,"inputs":[],"name":"message","outputs":[{"name":"","type":"string"}],"payable":false,"stateMutability":"view","type":"function","signature":"0xe21f37ce"},{"inputs":[{"name":"_message","type":"string"}],"payable":false,"stateMutability":"nonpayable","type":"constructor","signature":"constructor"}]}
